{"RuleTriggered": 0, "Violations": 126, "Details": {"low_gpu_utilization": 819, "bottlenecks": {"1668554909.003113": {"GPUs": 1, "CPUs": 1}, "1668554917.50311": {"GPUs": 1, "CPUs": 1}, "1668554930.003116": {"GPUs": 1, "CPUs": 1}, "1668554930.503715": {"GPUs": 1, "CPUs": 2}, "1668554931.503175": {"GPUs": 1, "CPUs": 1}, "1668554932.003124": {"GPUs": 1, "CPUs": 2}, "1668554932.503118": {"GPUs": 1, "CPUs": 2}, "1668554933.50363": {"GPUs": 1, "CPUs": 2}, "1668554940.503115": {"GPUs": 1, "CPUs": 1}, "1668554941.003144": {"GPUs": 1, "CPUs": 3}, "1668554941.503114": {"GPUs": 1, "CPUs": 2}, "1668554942.003165": {"GPUs": 1, "CPUs": 2}, "1668554942.503117": {"GPUs": 1, "CPUs": 1}, "1668554943.003129": {"GPUs": 1, "CPUs": 1}, "1668554943.503114": {"GPUs": 1, "CPUs": 2}, "1668554944.003117": {"GPUs": 1, "CPUs": 1}, "1668554944.503137": {"GPUs": 1, "CPUs": 2}, "1668554950.503118": {"GPUs": 1, "CPUs": 1}, "1668554951.003134": {"GPUs": 1, "CPUs": 1}, "1668554951.503116": {"GPUs": 1, "CPUs": 1}, "1668554952.003121": {"GPUs": 1, "CPUs": 1}, "1668554952.503128": {"GPUs": 1, "CPUs": 1}, "1668554953.003133": {"GPUs": 1, "CPUs": 1}, "1668554953.50315": {"GPUs": 1, "CPUs": 2}, "1668554957.503142": {"GPUs": 1, "CPUs": 1}, "1668554958.003134": {"GPUs": 1, "CPUs": 1}, "1668554958.503158": {"GPUs": 1, "CPUs": 1}, "1668554973.003131": {"GPUs": 1, "CPUs": 1}, "1668554974.003938": {"GPUs": 1, "CPUs": 1}, "1668554974.50312": {"GPUs": 1, "CPUs": 2}, "1668554975.003119": {"GPUs": 1, "CPUs": 1}, "1668554975.503109": {"GPUs": 1, "CPUs": 1}, "1668554976.003143": {"GPUs": 1, "CPUs": 1}, "1668554976.503127": {"GPUs": 1, "CPUs": 1}, "1668554977.00316": {"GPUs": 1, "CPUs": 1}, "1668554977.50312": {"GPUs": 1, "CPUs": 2}, "1668554978.003155": {"GPUs": 1, "CPUs": 1}, "1668554978.503134": {"GPUs": 1, "CPUs": 2}, "1668554979.003126": {"GPUs": 1, "CPUs": 2}, "1668554979.503122": {"GPUs": 1, "CPUs": 1}, "1668554980.003161": {"GPUs": 1, "CPUs": 1}, "1668554980.503132": {"GPUs": 1, "CPUs": 2}, "1668554981.003137": {"GPUs": 1, "CPUs": 1}, "1668554981.503111": {"GPUs": 1, "CPUs": 2}, "1668554982.003133": {"GPUs": 1, "CPUs": 1}, "1668554991.003142": {"GPUs": 1, "CPUs": 1}, "1668554991.503125": {"GPUs": 1, "CPUs": 2}, "1668554992.003153": {"GPUs": 1, "CPUs": 1}, "1668554992.503113": {"GPUs": 1, "CPUs": 2}, "1668554993.003118": {"GPUs": 1, "CPUs": 1}, "1668554993.503142": {"GPUs": 1, "CPUs": 2}, "1668554994.003115": {"GPUs": 1, "CPUs": 3}, "1668554994.503127": {"GPUs": 1, "CPUs": 2}, "1668554995.003127": {"GPUs": 1, "CPUs": 3}, "1668554995.503115": {"GPUs": 1, "CPUs": 2}, "1668554996.003147": {"GPUs": 1, "CPUs": 2}, "1668554996.503136": {"GPUs": 1, "CPUs": 2}, "1668554997.003153": {"GPUs": 1, "CPUs": 2}, "1668555004.003165": {"GPUs": 1, "CPUs": 1}, "1668555011.503182": {"GPUs": 1, "CPUs": 1}, "1668555012.503136": {"GPUs": 1, "CPUs": 2}, "1668555013.003119": {"GPUs": 1, "CPUs": 3}, "1668555013.503162": {"GPUs": 1, "CPUs": 3}, "1668555014.003123": {"GPUs": 1, "CPUs": 2}, "1668555014.503125": {"GPUs": 1, "CPUs": 3}, "1668555015.003132": {"GPUs": 1, "CPUs": 4}, "1668555015.503137": {"GPUs": 1, "CPUs": 3}, "1668555016.003113": {"GPUs": 1, "CPUs": 2}, "1668555016.503136": {"GPUs": 1, "CPUs": 2}, "1668555017.003123": {"GPUs": 1, "CPUs": 3}, "1668555017.50313": {"GPUs": 1, "CPUs": 3}, "1668555018.003138": {"GPUs": 1, "CPUs": 3}, "1668555018.503138": {"GPUs": 1, "CPUs": 3}, "1668555019.003141": {"GPUs": 1, "CPUs": 3}, "1668555019.503148": {"GPUs": 1, "CPUs": 2}, "1668555028.503133": {"GPUs": 1, "CPUs": 1}, "1668555030.00314": {"GPUs": 1, "CPUs": 1}, "1668555047.003546": {"GPUs": 1, "CPUs": 1}, "1668555048.003146": {"GPUs": 1, "CPUs": 1}, "1668555048.503731": {"GPUs": 1, "CPUs": 1}, "1668555049.003165": {"GPUs": 1, "CPUs": 1}, "1668555049.503117": {"GPUs": 1, "CPUs": 1}, "1668555050.003148": {"GPUs": 1, "CPUs": 1}, "1668555052.00376": {"GPUs": 1, "CPUs": 1}, "1668555052.503135": {"GPUs": 1, "CPUs": 1}, "1668555054.003134": {"GPUs": 1, "CPUs": 1}, "1668555054.503151": {"GPUs": 1, "CPUs": 1}, "1668555055.003144": {"GPUs": 1, "CPUs": 1}, "1668555056.003201": {"GPUs": 1, "CPUs": 1}, "1668555056.503143": {"GPUs": 1, "CPUs": 1}, "1668555057.503153": {"GPUs": 1, "CPUs": 1}, "1668555058.003124": {"GPUs": 1, "CPUs": 1}, "1668555058.503118": {"GPUs": 1, "CPUs": 1}, "1668555059.003159": {"GPUs": 1, "CPUs": 1}, "1668555059.503172": {"GPUs": 1, "CPUs": 2}, "1668555060.003149": {"GPUs": 1, "CPUs": 1}, "1668555060.503141": {"GPUs": 1, "CPUs": 2}, "1668555061.003122": {"GPUs": 1, "CPUs": 1}, "1668555061.503128": {"GPUs": 1, "CPUs": 2}, "1668555062.503173": {"GPUs": 1, "CPUs": 1}, "1668555063.003156": {"GPUs": 1, "CPUs": 1}, "1668555078.003826": {"GPUs": 1, "CPUs": 1}, "1668555211.003127": {"GPUs": 1, "CPUs": 1}, "1668555211.503134": {"GPUs": 1, "CPUs": 1}, "1668555212.003128": {"GPUs": 1, "CPUs": 1}, "1668555212.503146": {"GPUs": 1, "CPUs": 1}, "1668555213.003142": {"GPUs": 1, "CPUs": 1}, "1668555214.003144": {"GPUs": 1, "CPUs": 1}, "1668555214.503705": {"GPUs": 1, "CPUs": 1}, "1668555215.003129": {"GPUs": 1, "CPUs": 1}, "1668555215.50314": {"GPUs": 1, "CPUs": 1}, "1668555216.003194": {"GPUs": 1, "CPUs": 1}, "1668555217.503129": {"GPUs": 1, "CPUs": 1}, "1668555218.503152": {"GPUs": 1, "CPUs": 1}, "1668555219.003113": {"GPUs": 1, "CPUs": 1}, "1668555220.00314": {"GPUs": 1, "CPUs": 1}, "1668555220.503745": {"GPUs": 1, "CPUs": 1}, "1668555221.50315": {"GPUs": 1, "CPUs": 1}, "1668555222.003129": {"GPUs": 1, "CPUs": 1}, "1668555222.503139": {"GPUs": 1, "CPUs": 2}, "1668555223.003121": {"GPUs": 1, "CPUs": 1}, "1668555223.503156": {"GPUs": 1, "CPUs": 1}, "1668555224.003127": {"GPUs": 1, "CPUs": 1}, "1668555224.503131": {"GPUs": 1, "CPUs": 1}, "1668555225.003116": {"GPUs": 1, "CPUs": 1}, "1668555225.503127": {"GPUs": 1, "CPUs": 1}}}, "Datapoints": 960, "RuleParameters": "threshold:50\nio_threshold:50\ngpu_threshold:10\npatience:1000"}