{"RuleTriggered": 0, "Violations": 0, "Details": {"step_num": {"first": 1668555036883212, "last": 1668555346506237}, "job_start": 1668554885.503021, "job_end": 1668555359.503472}, "Datapoints": 122, "RuleParameters": "threshold:20"}