{"RuleTriggered": 0, "Violations": 0, "Details": {"ratio": {"gpu_functions-dev:0": 53.85335978814966, "cpu_functions": 46.14664021185035}, "phase": {"Step:ModeKeys.TRAIN": 49.29790697896463, "others": 39.993826339562254, "Step:ModeKeys.EVAL": 10.708266681473106}, "phase_time": {}, "CPU": {"conv2d": 14.624590248207356, "convolution": 14.130864078562011, "_convolution": 13.831931775173462, "cudnn_convolution": 10.55516229493603, "batch_norm": 3.425884115449297, "to": 18.461471017219743, "copy_": 18.839940081888564, "addmm": 2.4007545827450096, "torch::autograd::AccumulateGrad": 3.7294018058185343}, "CPU_total": {"conv2d": 3265936, "convolution": 3155678, "_convolution": 3088921, "cudnn_convolution": 2357159, "batch_norm": 765062, "to": 4122781, "copy_": 4207300, "addmm": 536132, "torch::autograd::AccumulateGrad": 832843}, "GPU": {"conv2d": 14.669718763972355, "convolution": 14.660495245457456, "_convolution": 14.65302562347635, "cudnn_convolution": 14.588025265923118, "batch_norm": 2.9912687076041737, "_batch_norm_impl_index": 2.9843190298982236, "cudnn_batch_norm": 2.937875556756879, "to": 14.572522138732927, "copy_": 14.892961598563549, "torch::autograd::AccumulateGrad": 3.049788069614973}, "GPU_total": {"conv2d": 4006391, "convolution": 4003872, "_convolution": 4001832, "cudnn_convolution": 3984080, "batch_norm": 816934, "_batch_norm_impl_index": 815036, "cudnn_batch_norm": 802352, "to": 3979846, "copy_": 4067360, "torch::autograd::AccumulateGrad": 832916}, "general": {"Forward": 100.0}}, "Datapoints": 0, "RuleParameters": ""}