{"RuleTriggered": 0, "Violations": 0, "Details": {"step_details": {"algo-1-27": {"step_stats": {"mean": 0.9059503981481483, "max": 24.174672, "p99": 22.83049258999986, "p95": 4.9255422499999995, "p50": 0.0204055, "min": 0.01799}, "number_of_outliers": 2, "phase": "Step:ModeKeys.TRAIN", "stddev": 3.46, "probs": [95, 0, 0, 0, 0, 0, 0, 0, 0, 0, 0, 0, 0, 0, 0, 0, 0, 0, 0, 0, 0, 0, 0, 0, 0, 0, 0, 0, 0, 0, 0, 0, 0, 0, 0, 0, 0, 0, 1, 0, 0, 0, 0, 0, 0, 0, 0, 0, 0, 0, 0, 0, 0, 0, 0, 0, 0, 0, 0, 0, 0, 0, 0, 0, 0, 0, 0, 0, 0, 0, 0, 0, 0, 0, 0, 0, 0, 0, 0, 0, 0, 0, 0, 3, 2, 0, 0, 0, 0, 0, 0, 0, 0, 0, 0, 0, 0, 0, 1, 4], "binedges": [0.01799, 0.06753118999999999, 0.11707237999999998, 0.16661357, 0.21615475999999997, 0.26569594999999996, 0.31523713999999997, 0.36477832999999993, 0.41431951999999994, 0.46386070999999995, 0.5134018999999999, 0.5629430899999999, 0.6124842799999999, 0.6620254699999999, 0.7115666599999998, 0.7611078499999998, 0.8106490399999998, 0.8601902299999998, 0.9097314199999998, 0.9592726099999997, 1.0088137999999998, 1.0583549899999998, 1.1078961799999998, 1.1574373699999998, 1.2069785599999998, 1.2565197499999998, 1.3060609399999998, 1.3556021299999996, 1.4051433199999996, 1.4546845099999997, 1.5042256999999997, 1.5537668899999997, 1.6033080799999997, 1.6528492699999997, 1.7023904599999997, 1.7519316499999997, 1.8014728399999997, 1.8510140299999998, 1.9005552199999995, 1.9500964099999996, 1.9996375999999996, 2.04917879, 2.09871998, 2.1482611699999996, 2.19780236, 2.2473435499999996, 2.29688474, 2.3464259299999997, 2.39596712, 2.4455083099999997, 2.4950495, 2.5445906899999997, 2.59413188, 2.6436730699999997, 2.6932142599999995, 2.7427554499999998, 2.7922966399999996, 2.84183783, 2.8913790199999996, 2.94092021, 2.9904613999999996, 3.04000259, 3.0895437799999996, 3.13908497, 3.1886261599999997, 3.2381673499999994, 3.2877085399999997, 3.3372497299999995, 3.3867909199999997, 3.4363321099999995, 3.4858732999999997, 3.5354144899999995, 3.5849556799999998, 3.6344968699999995, 3.68403806, 3.7335792499999996, 3.7831204399999994, 3.8326616299999996, 3.8822028199999994, 3.9317440099999996, 3.9812851999999994, 4.03082639, 4.08036758, 4.129908769999999, 4.1794499599999995, 4.22899115, 4.278532339999999, 4.328073529999999, 4.3776147199999995, 4.42715591, 4.476697099999999, 4.526238289999999, 4.57577948, 4.62532067, 4.674861859999999, 4.724403049999999, 4.77394424, 4.823485429999999, 4.873026619999999, 4.922567809999999, 4.972109], "step_numbers": ["0", "0"]}}}, "Datapoints": 122, "RuleParameters": "threshold:3\nmode:None\nn_outliers:10\nstddev:3"}